game_id,platform_id
1,15
1,16
1,21
1,29
2,15
3,8
3,15
3,21
3,29
3,32
4,14
4,15
4,21
4,29
4,32
5,14
5,15
5,21
5,22
5,29
5,30
6,14
6,15
6,21
6,22
6,29
6,30
7,8
7,15
7,32
8,15
8,21
8,29
9,14
9,15
9,21
9,29
10,8
10,14
10,15
10,21
10,29
10,31
10,32
11,1
11,8
11,15
11,31
11,32
12,15
13,15
13,21
13,29
14,1
14,8
14,15
14,21
14,31
14,32
15,14
15,15
15,21
15,32
16,15
17,8
17,15
17,32
18,15
19,15
19,28
19,29
20,15
20,28
20,29
21,15
21,20
21,28
21,29
22,15
23,1
23,14
23,15
23,21
23,29
23,31
24,15
24,20
24,28
24,29
25,15
25,20
25,28
26,8
26,15
26,32
27,8
27,15
27,32
28,8
28,15
28,32
29,1
29,14
29,15
29,21
29,22
29,29
29,31
30,1
30,8
30,15
30,20
30,28
30,31
30,32
31,8
31,15
31,32
32,8
32,15
33,14
33,15
33,21
33,29
33,32
34,15
35,15
36,15
37,15
38,15
38,20
38,28
38,29
39,15
39,32
40,15
40,20
40,21
40,28
40,29
40,32
41,14
41,15
41,21
41,29
42,15
42,21
42,29
43,15
43,20
43,21
43,28
43,29
44,15
44,21
44,29
45,15
45,21
45,29
46,15
46,21
46,22
46,29
46,30
47,15
48,15
48,20
48,21
48,28
48,29
48,32
49,15
49,20
49,21
49,26
49,28
49,29
50,14
50,15
50,20
50,21
50,26
50,28
50,29
51,14
51,15
51,20
51,21
51,28
51,29
52,15
52,21
52,29
53,14
53,15
53,21
53,29
54,15
55,8
55,15
55,20
55,28
55,32
56,8
56,15
56,25
56,32
57,15
57,21
57,22
57,29
57,30
58,15
58,20
58,21
58,25
58,28
58,31
58,32
59,8
59,14
59,15
59,21
59,29
59,31
59,32
60,15
60,22
60,30
60,32
61,1
61,8
61,14
61,15
61,21
61,29
61,31
61,32
62,15
63,8
63,14
63,15
63,16
63,21
63,28
63,29
63,31
63,32
64,14
64,15
64,20
64,21
64,28
64,29
64,32
65,15
65,20
65,21
65,28
66,14
66,15
66,20
66,21
66,28
66,29
66,32
67,15
67,20
67,21
67,28
67,29
67,32
68,14
68,15
68,21
68,29
69,1
69,15
69,20
69,28
70,8
70,15
70,28
70,29
70,32
71,15
71,21
71,29
72,15
72,20
72,28
72,29
73,15
73,20
73,21
73,28
73,29
74,15
74,20
74,21
74,28
74,29
75,15
75,21
75,29
76,15
76,20
76,28
76,29
77,15
78,14
78,15
78,20
78,21
78,26
78,28
78,29
79,15
79,21
79,22
80,1
80,8
80,14
80,15
80,21
80,29
80,31
80,32
81,2
81,3
81,8
81,15
81,31
81,32
82,8
82,15
82,32
83,15
83,32
84,7
84,15
84,19
84,27
85,15
85,20
85,21
86,15
86,20
86,28
87,15
87,20
87,28
87,32
88,14
88,15
88,20
88,21
88,28
88,29
88,32
89,14
89,15
89,21
89,29
89,32
90,8
90,14
90,15
90,20
90,21
90,28
90,29
91,14
91,15
91,21
91,29
91,32
92,15
92,21
92,29
93,8
93,15
94,15
95,8
95,14
95,15
95,21
95,29
95,32
96,1
96,14
96,15
96,21
96,29
96,31
97,8
97,14
97,15
97,21
97,29
97,32
98,15
98,20
98,28
99,1
99,8
99,15
99,16
99,20
99,28
99,32
100,14
100,15
100,21
100,22
100,29
100,30
101,14
101,15
101,21
101,29
102,1
102,8
102,15
102,20
102,28
102,32
103,8
103,15
103,20
103,28
103,29
103,31
103,32
104,1
104,14
104,15
104,21
104,29
104,31
104,32
105,15
105,20
105,28
106,8
106,14
106,15
106,21
106,32
107,1
107,8
107,14
107,15
107,16
107,21
107,29
107,31
107,32
108,1
108,14
108,15
108,20
108,21
108,28
108,29
108,31
109,8
109,15
109,20
109,28
109,29
109,31
109,32
110,15
110,20
110,28
110,29
111,14
111,15
111,21
111,29
112,15
112,25
112,28
113,15
114,14
114,15
114,21
114,29
115,15
115,20
115,28
115,32
116,15
116,28
116,29
116,31
116,32
117,12
117,15
117,20
117,21
117,25
117,28
117,29
117,32
118,15
118,20
118,21
118,28
118,29
119,12
119,15
119,20
119,25
119,28
119,29
119,31
119,32
120,15
120,21
120,29
121,15
121,21
121,22
121,29
121,30
122,15
122,20
122,26
122,28
122,29
123,15
123,20
123,21
123,28
123,29
124,15
124,20
124,21
124,26
124,28
124,29
125,15
125,21
125,29
126,15
126,21
126,29
127,15
127,20
127,28
127,29
127,32
128,15
128,20
128,25
128,28
128,29
128,31
128,32
129,15
129,21
129,29
130,15
130,21
130,29
131,12
131,15
131,20
131,25
131,28
131,29
132,14
132,15
132,20
132,28
132,29
133,14
133,15
133,21
133,29
134,14
134,15
134,20
134,28
134,32
135,15
135,20
135,28
135,29
136,8
136,10
136,12
136,14
136,15
136,25
136,32
137,8
137,14
137,15
137,21
137,29
137,32
138,8
138,14
138,15
138,21
138,29
138,31
138,32
139,14
139,15
139,16
139,20
139,21
139,26
139,28
139,29
140,8
140,14
140,15
140,21
140,29
140,32
141,8
141,15
141,20
141,21
141,28
141,29
141,32
142,8
142,14
142,15
142,21
142,29
142,32
143,1
143,15
143,21
143,29
143,31
143,32
144,15
144,21
144,29
145,15
146,15
146,31
147,8
147,15
147,32
148,15
149,15
150,15
150,21
150,29
151,15
151,28
152,15
152,21
152,22
152,29
152,30
153,15
153,32
154,8
154,15
154,20
154,28
154,29
154,31
154,32
155,8
155,15
155,27
155,32
156,15
157,8
157,15
157,32
158,8
158,15
158,32
159,8
159,15
159,20
159,28
160,8
160,15
160,32
161,14
161,15
161,21
161,29
162,1
162,4
162,7
162,15
162,19
162,20
162,28
162,31
163,15
163,21
163,29
164,8
164,15
164,32
165,8
165,15
165,22
165,30
165,32
166,15
167,8
167,14
167,15
167,16
167,21
167,29
167,31
167,32
168,15
168,20
168,28
169,15
169,20
169,28
170,15
171,15
171,20
171,28
171,29
172,15
173,15
173,21
173,29
174,14
174,15
174,21
174,29
174,32
175,14
175,15
175,21
175,22
175,29
175,30
176,8
176,15
176,32
177,15
178,14
178,15
178,21
178,29
179,14
179,15
179,21
179,22
179,29
180,1
180,2
180,5
180,14
180,15
180,21
180,28
180,29
180,31
180,32
181,14
181,15
181,21
181,29
182,15
182,28
183,15
183,20
183,28
184,15
184,20
184,21
184,28
184,29
185,15
185,21
185,29
186,15
186,21
186,29
187,15
187,20
187,28
188,14
188,15
188,21
188,29
189,8
189,14
189,15
189,16
189,21
189,29
189,32
190,14
190,15
190,20
190,28
190,29
191,14
191,15
191,20
191,26
191,28
192,14
192,15
192,21
192,29
193,14
193,15
193,21
193,29
194,14
194,15
194,21
194,26
194,29
195,8
195,14
195,15
195,21
195,29
195,32
196,8
196,15
196,32
197,8
197,15
197,32
198,8
198,15
198,16
198,21
198,29
198,31
198,32
199,15
199,21
199,29
200,15
200,21
201,8
201,14
201,15
201,21
201,29
201,31
201,32
202,15
202,20
202,28
203,8
203,15
203,21
203,29
204,15
204,20
204,28
205,15
205,20
205,21
205,28
205,29
206,15
206,20
206,28
206,29
207,15
207,20
207,28
207,29
208,15
208,20
208,28
208,29
209,14
209,15
209,21
209,22
209,29
210,15
210,28
211,15
211,31
211,32
212,15
212,21
212,29
212,32
213,15
213,21
214,14
214,15
214,21
214,22
214,29
214,30
215,15
215,22
215,30
216,8
216,15
216,32
217,15
218,15
218,21
218,22
219,15
219,20
219,28
220,1
220,15
220,21
220,31
220,32
221,8
221,14
221,15
221,21
221,29
221,31
221,32
222,8
222,15
222,31
222,32
223,15
223,21
223,22
223,24
223,29
223,30
224,15
224,21
225,15
225,27
226,15
226,19
226,20
226,32
227,15
227,20
227,28
227,29
227,32
228,15
228,20
228,26
228,28
228,32
229,8
229,15
229,21
229,29
229,32
230,1
230,15
230,31
231,15
231,21
231,29
232,15
232,21
232,22
232,29
233,15
233,20
233,28
234,15
234,21
234,22
234,29
234,30
235,8
235,15
235,21
235,29
235,32
236,15
236,21
236,29
237,15
237,20
237,28
238,15
238,20
238,21
238,28
238,29
238,32
239,15
240,15
241,14
241,15
241,21
241,22
241,29
241,30
241,32
242,15
242,20
242,21
242,28
242,29
243,15
243,21
243,29
244,15
244,21
244,29
245,15
245,32
246,15
246,28
247,15
247,21
247,29
247,32
248,8
248,15
248,21
248,29
248,32
249,14
249,15
249,21
249,29
250,15
250,20
250,21
250,28
250,29
251,8
251,15
251,32
252,8
252,15
252,16
252,20
252,21
252,26
252,29
252,32
253,8
253,15
253,21
253,29
253,32
254,8
254,14
254,15
254,21
254,27
254,29
254,32
255,1
255,15
255,20
255,21
255,28
256,8
256,15
256,32
257,1
257,8
257,15
257,31
257,32
258,1
258,14
258,15
258,16
258,21
258,31
259,15
259,20
259,28
259,29
259,32
260,15
260,20
260,21
260,28
260,29
261,15
261,20
261,28
261,29
261,32
262,15
262,20
262,28
263,14
263,15
263,20
263,21
263,28
263,29
264,14
264,15
264,21
264,29
264,32
265,1
265,15
265,20
265,26
265,28
265,29
265,31
266,15
266,20
266,28
266,29
266,32
267,1
267,8
267,15
267,20
267,28
267,31
267,32
268,15
268,21
268,29
269,15
269,20
269,28
270,14
270,15
270,21
270,29
270,31
270,32
271,8
271,15
271,21
271,31
271,32
272,8
272,14
272,15
272,21
272,28
272,31
272,32
273,14
273,15
273,21
273,29
274,14
274,15
274,21
274,22
274,29
274,30
275,8
275,15
275,21
275,29
275,32
276,15
276,20
276,28
277,8
277,15
277,32
278,15
278,21
278,22
278,29
278,30
279,15
279,21
279,29
279,32
280,8
280,15
280,32
281,8
281,15
281,32
282,15
282,32
283,15
283,32
284,15
284,32
285,8
285,14
285,15
285,21
285,29
285,32
286,8
286,15
286,32
287,8
287,15
287,32
288,1
288,8
288,15
288,31
288,32
289,15
290,15
290,20
290,28
291,15
291,20
291,28
292,15
292,20
292,28
293,8
293,15
293,21
293,29
294,15
294,21
294,29
295,8
295,14
295,15
295,16
295,20
295,21
295,28
295,31
295,32
296,10
296,15
296,16
296,20
296,21
296,28
296,29
297,15
297,20
297,21
297,28
297,29
298,14
298,15
298,21
298,28
298,29
299,14
299,15
299,16
299,20
299,21
299,29
300,15
300,20
300,28
300,29
301,15
301,21
301,29
302,8
302,15
302,31
302,32
303,15
303,28
304,15
304,28
304,29
305,15
305,27
305,32
306,8
306,14
306,15
306,32
307,8
307,15
307,21
307,31
307,32
308,14
308,15
308,21
308,29
308,30
309,2
309,8
309,15
309,32
310,15
310,32
311,15
311,20
311,28
311,29
312,15
312,20
312,28
313,15
313,21
313,22
313,29
314,15
314,21
314,29
315,1
315,14
315,15
315,21
315,29
315,31
316,15
317,15
317,20
317,21
317,28
317,29
318,15
318,19
318,20
318,25
318,27
318,28
319,15
319,20
319,28
319,29
320,15
320,20
320,21
320,28
320,29
321,15
321,20
321,21
321,28
321,29
322,15
322,20
322,21
322,28
322,29
323,15
323,21
323,29
324,15
324,21
324,22
324,29
324,30
325,15
325,21
325,29
326,15
326,21
326,29
327,8
327,14
327,15
327,21
327,31
327,32
328,15
328,21
328,22
329,1
329,14
329,15
329,18
329,21
329,29
329,31
330,8
330,14
330,15
330,21
330,29
330,32
331,8
331,15
331,21
331,31
331,32
332,8
332,15
332,32
333,8
333,15
333,19
333,27
334,15
334,16
334,20
334,21
334,31
335,15
335,21
335,29
336,1
336,14
336,15
336,21
336,22
336,29
336,30
336,31
337,14
337,15
337,21
337,29
337,31
338,15
338,29
338,30
339,15
339,22
339,29
339,30
339,31
340,15
341,14
341,15
341,21
341,29
342,8
342,15
342,16
342,21
342,29
342,31
342,32
343,14
343,15
343,21
343,29
344,12
344,15
344,20
344,28
344,29
345,15
345,20
345,28
345,32
346,15
347,1
347,8
347,15
347,31
347,32
348,1
348,15
348,20
348,21
348,28
348,29
348,31
348,32
349,15
350,8
350,15
350,21
350,29
350,32
351,8
351,15
351,32
352,15
352,29
352,30
353,15
353,28
353,29
354,15
354,29
354,30
355,8
355,15
356,1
356,14
356,15
356,21
356,22
356,31
357,15
357,21
357,22
358,14
358,15
358,21
358,22
358,29
358,30
359,15
359,20
359,26
359,28
360,1
360,8
360,15
360,20
360,21
360,28
360,29
360,31
360,32
361,15
362,15
362,21
363,15
363,21
363,22
364,8
364,14
364,15
364,21
364,29
364,32
365,8
365,14
365,15
365,21
365,31
365,32
366,14
366,15
367,15
368,15
369,15
370,1
370,15
370,19
370,21
370,27
370,31
370,32
371,15
371,20
371,28
371,29
372,15
372,20
372,21
372,22
372,28
372,29
372,30
373,15
373,20
373,28
374,1
374,15
374,19
374,20
374,21
374,27
374,28
374,29
374,31
374,32
375,1
375,15
375,16
375,19
375,21
375,27
375,31
375,32
376,1
376,8
376,14
376,15
376,21
376,29
376,31
376,32
377,15
377,21
377,29
378,15
378,29
378,30
379,1
379,8
379,14
379,15
379,16
379,21
379,29
379,31
379,32
380,1
380,14
380,15
380,21
380,22
380,29
380,30
380,31
380,32
381,8
381,15
381,21
382,8
382,15
382,32
383,14
383,15
383,21
383,26
383,28
383,29
384,8
384,15
384,32
385,8
385,15
385,32
386,8
386,15
386,32
387,1
387,15
387,21
387,29
387,31
388,15
389,15
389,20
389,28
390,15
390,20
390,21
391,8
391,15
391,32
392,14
392,15
392,21
392,22
392,29
392,30
393,4
393,8
393,15
393,19
393,32
394,1
394,8
394,15
394,27
394,28
394,32
395,8
395,15
395,32
396,1
396,8
396,15
396,28
396,32
397,1
397,8
397,15
397,28
397,32
398,8
398,15
398,32
399,8
399,15
399,32
400,15
401,4
401,8
401,15
401,32
402,8
402,15
402,32
403,8
403,15
403,32
404,15
404,28
404,29
405,15
405,29
405,30
406,15
406,28
406,29
407,15
407,29
408,8
408,15
408,21
408,29
408,32
409,15
410,15
410,21
410,29
411,14
411,15
411,21
412,8
412,15
412,32
413,15
413,20
413,21
414,14
414,15
414,21
414,29
415,15
416,8
416,15
416,32
417,1
417,15
417,31
417,32
418,8
418,15
418,32
419,15
420,8
420,15
420,21
420,29
420,32
421,15
421,21
421,29
422,7
422,15
422,19
422,20
422,27
422,28
423,14
423,15
423,21
423,22
423,29
423,30
424,14
424,15
424,20
424,21
424,28
424,29
424,32
425,15
425,19
425,20
425,21
425,27
425,28
426,15
427,15
427,19
427,20
427,27
427,28
427,32
428,14
428,15
428,21
428,22
428,29
428,30
429,8
429,14
429,15
429,21
429,29
429,32
430,15
430,20
430,28
431,8
431,14
431,15
431,21
431,29
431,32
432,15
432,21
432,22
433,15
433,21
434,8
434,14
434,15
434,16
434,21
434,29
435,1
435,8
435,14
435,15
435,16
435,20
435,21
435,31
435,32
436,14
436,15
436,21
436,29
436,31
436,32
437,15
437,20
437,21
437,26
437,28
437,29
438,8
438,14
438,15
438,16
438,21
438,29
438,31
438,32
439,1
439,8
439,14
439,15
439,21
439,29
439,31
439,32
440,15
440,21
440,29
441,8
441,14
441,15
441,21
441,29
441,31
441,32
442,14
442,15
442,21
442,29
442,31
442,32
443,1
443,15
443,21
443,29
443,31
444,15
444,16
444,20
444,21
444,28
445,8
445,14
445,15
445,21
445,22
445,32
446,8
446,15
446,32
447,1
447,14
447,15
447,32
448,8
448,14
448,15
448,21
448,31
448,32
449,14
449,15
449,21
449,22
449,29
449,30
450,8
450,15
450,32
451,1
451,4
451,5
451,15
451,16
451,20
451,28
451,31
452,8
452,14
452,15
452,21
452,29
452,32
453,15
453,20
453,21
453,31
454,14
454,15
454,21
454,29
455,15
455,19
455,27
455,28
456,15
456,20
456,28
456,29
457,15
457,21
457,29
458,15
458,21
458,29
459,7
459,15
459,19
459,27
460,15
460,20
460,28
461,15
461,20
461,28
462,14
462,15
462,29
462,32
463,1
463,14
463,15
463,21
463,29
463,32
464,15
464,21
464,22
464,30
465,8
465,14
465,15
465,21
465,31
465,32
466,8
466,15
466,21
466,29
466,32
467,14
467,15
467,21
467,29
468,15
469,8
469,15
469,32
470,15
470,21
470,29
471,15
471,32
472,15
472,21
472,29
473,15
473,21
473,29
474,8
474,15
474,32
475,1
475,8
475,14
475,15
475,21
475,29
475,31
475,32
476,15
476,20
476,28
477,8
477,15
477,32
478,14
478,15
478,20
478,21
478,28
478,29
479,12
479,15
479,17
479,19
479,20
479,25
479,28
479,29
479,32
480,1
480,10
480,12
480,15
480,16
480,20
480,25
480,26
480,28
480,29
480,31
480,32
481,1
481,10
481,15
481,16
481,20
481,21
481,26
481,29
481,31
481,32
482,1
482,12
482,15
482,16
482,17
482,20
482,25
482,28
482,32
483,1
483,10
483,12
483,15
483,16
483,20
483,21
483,26
483,28
483,29
483,31
483,32
484,1
484,12
484,15
484,20
484,25
484,28
484,29
484,31
484,32
485,10
485,15
485,16
485,20
485,21
485,26
485,28
485,29
485,32
486,1
486,10
486,12
486,15
486,16
486,20
486,25
486,28
486,31
487,1
487,15
487,20
487,28
487,31
488,15
488,21
488,29
489,8
489,15
489,21
489,29
489,31
489,32
490,15
490,28
490,32
491,8
491,15
491,28
491,32
492,8
492,15
492,31
492,32
493,1
493,8
493,15
493,20
493,21
493,28
493,29
493,31
493,32
494,8
494,14
494,15
494,21
494,29
494,32
495,1
495,8
495,15
495,21
495,29
495,31
495,32
496,1
496,8
496,14
496,15
496,16
496,20
496,21
496,28
496,29
496,31
496,32
497,1
497,8
497,14
497,15
497,26
497,31
497,32
498,14
498,15
498,21
498,29
498,31
499,14
499,15
499,21
499,22
499,29
499,30
500,15
500,21
501,1
501,8
501,14
501,15
501,30
501,31
501,32
502,15
502,20
502,28
503,1
503,15
503,21
503,29
503,31
504,15
505,8
505,14
505,15
505,21
505,29
505,32
506,15
507,1
507,9
507,15
507,20
507,21
507,25
507,28
507,29
507,31
508,1
508,8
508,14
508,15
508,16
508,20
508,21
508,29
508,31
508,32
509,8
509,15
509,21
509,28
509,29
509,32
510,15
510,20
510,28
510,29
511,15
511,21
511,29
512,15
512,21
512,29
512,32
513,15
513,21
513,29
514,15
514,21
514,29
514,30
515,15
515,19
515,27
516,1
516,15
517,8
517,15
517,21
517,32
518,14
518,15
518,21
518,22
518,29
518,30
519,8
519,14
519,15
519,21
519,29
519,32
520,8
520,14
520,15
520,28
520,32
521,15
521,21
521,29
521,32
522,14
522,15
522,21
522,22
522,29
522,30
523,15
523,21
523,22
524,15
524,21
524,22
525,15
525,21
525,22
525,29
525,30
526,15
526,20
526,28
526,29
527,15
527,20
527,28
527,29
528,15
528,20
528,26
528,28
528,29
529,15
529,21
529,29
530,15
530,21
530,22
530,29
530,30
531,2
531,15
531,19
531,20
531,21
531,27
531,28
532,15
532,19
532,27
533,15
533,20
533,28
533,32
534,15
534,20
534,28
535,8
535,15
535,32
536,1
536,15
536,20
536,28
536,29
537,15
537,20
537,21
537,28
537,29
538,15
538,20
538,21
538,28
538,29
539,15
539,28
540,8
540,14
540,15
540,21
540,29
540,32
541,15
541,21
541,22
541,29
542,15
542,20
542,28
543,8
543,14
543,15
543,21
543,29
543,32
544,8
544,15
544,20
544,21
544,28
544,29
544,32
545,1
545,15
545,21
545,29
546,1
546,8
546,10
546,14
546,15
546,16
546,20
546,21
546,26
546,28
546,29
546,31
546,32
547,1
547,8
547,14
547,15
547,21
547,31
547,32
548,12
548,15
548,20
548,25
548,28
548,32
549,15
549,29
550,15
551,15
551,20
551,28
552,15
552,21
552,29
553,8
553,15
553,28
553,32
554,15
554,21
554,29
555,1
555,8
555,14
555,15
555,21
555,29
555,31
555,32
556,14
556,15
556,21
556,22
556,29
556,30
557,15
557,20
557,28
558,15
558,21
558,29
559,15
560,1
560,8
560,15
560,21
560,29
560,32
561,15
561,21
561,22
561,29
561,30
562,15
562,20
562,21
562,28
562,29
563,14
563,15
563,21
563,29
564,14
564,15
564,21
564,29
564,31
565,14
565,15
565,21
565,29
565,31
566,15
566,21
566,29
567,8
567,15
568,1
568,14
568,15
568,20
568,25
568,28
568,31
569,7
569,15
569,17
569,19
569,20
569,27
569,28
570,15
570,21
570,29
571,15
571,21
571,29
572,15
572,21
572,29
573,15
573,20
573,21
573,28
573,29
574,1
574,15
574,16
574,20
574,26
574,28
574,31
575,8
575,14
575,15
575,20
575,21
575,26
575,29
575,32
576,15
576,21
576,29
577,14
577,15
577,21
577,29
577,30
578,15
578,20
578,23
578,28
579,14
579,15
579,21
579,29
580,8
580,14
580,15
580,21
580,29
580,31
580,32
581,15
581,21
582,14
582,15
582,21
582,22
582,29
583,8
583,15
583,32
584,8
584,15
584,32
585,8
585,14
585,15
585,21
585,29
585,31
585,32
586,14
586,15
586,20
586,21
586,29
587,15
588,8
588,14
588,15
588,21
588,29
588,32
589,1
589,8
589,14
589,15
589,16
589,21
589,26
589,29
589,31
589,32
590,15
590,18
590,21
590,22
591,1
591,8
591,14
591,15
591,16
591,20
591,21
591,26
591,29
591,31
591,32
592,15
592,20
592,28
592,29
593,15
593,28
594,15
595,15
595,28
595,29
596,14
596,15
596,28
596,29
597,14
597,15
597,29
597,30
598,1
598,8
598,15
598,31
598,32
599,14
599,15
599,21
599,29
600,8
600,15
600,20
600,28
600,32
601,8
601,14
601,15
601,21
601,29
601,32
602,14
602,15
602,21
602,29
603,14
603,15
603,21
603,29
604,8
604,14
604,15
604,21
604,29
604,32
605,8
605,15
605,28
605,32
606,8
606,15
606,20
606,28
606,29
606,32
607,8
607,15
607,20
607,28
607,32
608,14
608,15
608,21
608,29
609,1
609,8
609,14
609,15
609,21
609,29
609,31
609,32
610,8
610,15
610,32
611,14
611,15
611,21
611,29
612,8
612,15
612,29
613,15
613,20
614,8
614,15
614,32
615,8
615,15
615,32
616,14
616,15
616,21
616,29
616,32
617,1
617,8
617,15
617,16
617,31
617,32
618,15
618,21
618,29
619,8
619,15
619,21
619,29
619,32
620,15
620,21
620,29
621,15
622,14
622,15
622,16
622,21
622,29
622,30
623,14
623,15
623,21
623,22
623,29
623,30
624,15
625,15
625,20
625,28
625,32
626,8
626,15
626,21
626,29
626,32
627,15
628,8
628,14
628,15
628,21
628,29
628,32
629,15
629,21
629,22
629,29
629,30
630,15
630,21
631,8
631,15
631,32
632,1
632,12
632,15
632,16
632,20
632,28
632,29
632,31
633,1
633,12
633,13
633,15
633,16
633,20
633,21
633,28
633,31
633,32
634,15
634,21
634,29
635,15
635,32
636,8
636,15
636,32
637,1
637,8
637,14
637,15
637,20
637,28
637,32
638,8
638,15
638,20
638,28
638,29
638,32
639,1
639,14
639,15
639,21
639,29
639,31
640,8
640,15
640,32
641,15
641,21
641,29
642,15
642,20
642,28
642,32
643,7
643,15
643,19
643,20
643,27
644,2
644,7
644,15
644,17
644,19
644,20
644,25
644,27
645,7
645,15
645,19
645,20
645,27
645,31
646,8
646,14
646,15
646,21
646,29
646,32
647,15
647,21
647,29
648,8
648,15
648,32
649,15
649,20
649,21
649,28
649,29
650,15
650,20
650,21
650,28
650,29
651,8
651,15
651,19
651,20
651,21
651,27
651,28
651,29
651,31
651,32
652,8
652,15
652,21
652,29
652,30
652,32
653,1
653,8
653,10
653,14
653,15
653,21
653,29
653,31
653,32
654,15
654,20
654,31
654,32
655,8
655,15
655,21
655,32
656,2
656,3
656,8
656,11
656,14
656,15
656,21
656,22
656,23
656,27
656,29
656,30
656,32
657,15
658,2
658,3
658,8
658,11
658,15
658,18
658,28
659,15
659,24
660,15
660,29
661,15
661,20
661,21
661,29
661,32
662,8
662,15
662,16
662,20
662,21
662,24
662,26
662,29
662,31
662,32
663,15
664,15
665,15
665,20
665,28
665,29
666,15
666,21
666,29
667,14
667,15
667,16
667,20
667,21
667,26
667,28
667,29
668,10
668,15
668,16
668,20
668,25
668,28
668,29
668,31
668,32
669,14
669,15
669,21
669,29
670,15
670,24
670,32
671,15
671,21
671,29
671,32
672,8
672,15
672,32
673,14
673,15
673,20
673,21
673,22
673,28
673,29
673,30
674,15
674,21
674,29
675,14
675,15
675,21
675,29
676,15
676,20
676,28
677,15
677,20
677,28
678,15
679,8
679,14
679,15
679,21
679,29
679,32
680,15
680,20
680,28
681,14
681,15
681,21
681,29
682,15
682,20
682,28
683,15
683,18
683,23
684,14
684,15
684,20
684,21
684,28
684,29
685,14
685,15
685,21
685,22
685,29
685,32
686,4
686,7
686,11
686,15
686,18
687,14
687,15
687,21
687,22
687,29
687,30
688,1
688,7
688,15
688,19
688,21
688,25
688,31
689,14
689,15
689,20
689,21
689,28
689,29
690,14
690,15
690,20
690,21
690,24
690,28
690,29
691,14
691,15
691,21
691,29
691,32
692,10
692,14
692,15
692,20
692,21
692,26
692,28
692,29
693,14
693,15
693,16
693,20
693,21
693,28
693,29
694,14
694,15
694,21
694,22
694,29
694,30
694,31
695,14
695,15
695,21
695,29
695,32
696,8
696,15
696,21
696,29
696,32
697,14
697,15
697,21
697,29
698,8
698,15
698,32
699,8
699,15
699,32
700,15
701,15
701,21
701,29
701,32
702,15
702,28
703,15
703,20
703,28
704,8
704,14
704,15
704,16
704,21
704,29
704,32
705,14
705,15
705,21
705,29
706,8
706,15
706,32
707,8
707,14
707,15
707,21
707,29
707,32
708,14
708,15
708,16
708,20
708,21
708,28
708,31
709,8
709,14
709,15
709,21
709,29
709,32
710,8
710,15
710,21
710,29
710,32
711,15
711,29
712,14
712,15
712,21
712,29
712,30
713,14
713,15
713,21
713,29
713,30
714,14
714,15
714,21
714,29
714,30
715,15
716,8
716,14
716,15
716,21
716,29
716,32
717,14
717,15
717,21
717,29
717,32
718,8
718,15
718,21
718,29
718,32
719,15
720,15
720,20
720,28
720,32
721,15
721,21
721,29
722,15
722,21
722,29
723,15
724,15
725,12
725,15
725,20
725,25
725,28
725,29
726,8
726,14
726,15
726,21
726,24
726,29
726,32
727,8
727,15
727,20
727,28
727,29
728,8
728,15
728,20
728,21
728,28
728,29
729,8
729,15
729,20
729,21
729,28
729,29
730,8
730,15
730,20
730,28
730,29
731,15
731,32
732,8
732,15
732,20
732,28
732,32
733,15
734,8
734,15
734,32
735,15
736,1
736,10
736,15
736,26
736,31
737,15
737,22
737,29
737,30
738,15
738,21
738,29
739,8
739,14
739,15
739,21
739,29
739,31
739,32
740,15
740,27
741,8
741,15
741,20
741,28
741,32
742,15
743,8
743,15
743,32
744,14
744,15
744,28
745,14
745,15
745,28
746,14
746,15
747,15
748,8
748,15
748,21
748,29
748,32
749,8
749,15
749,32
750,8
750,15
750,21
750,29
750,31
750,32
751,15
751,21
751,29
752,8
752,15
752,21
752,29
752,32
753,1
753,8
753,15
753,31
753,32
754,1
754,8
754,14
754,15
754,31
754,32
755,8
755,15
755,32
756,8
756,15
756,20
756,28
756,32
757,8
757,15
757,20
757,28
757,32
758,14
758,15
758,21
758,29
759,15
760,15
760,32
761,8
761,15
761,32
762,8
762,14
762,15
762,21
762,29
762,31
762,32
763,15
764,15
764,20
764,28
765,1
765,8
765,14
765,15
765,21
765,29
765,31
765,32
766,15
766,20
766,28
767,15
767,21
767,29
767,32
768,8
768,14
768,15
768,21
768,29
768,32
769,14
769,15
769,21
769,29
770,14
770,15
770,20
770,21
770,28
770,29
771,14
771,15
771,21
771,22
771,29
771,30
772,15
772,20
772,26
772,28
773,1
773,10
773,15
773,16
773,20
773,26
773,28
773,29
773,31
774,4
774,7
774,15
774,20
774,28
774,29
775,7
775,15
775,20
775,28
776,10
776,15
776,20
776,21
776,28
776,29
777,14
777,15
777,21
777,29
778,14
778,15
778,21
778,29
779,14
779,15
779,20
779,21
779,28
779,29
780,15
780,29
781,1
781,8
781,15
781,32
782,15
782,20
782,28
782,29
783,8
783,14
783,15
783,21
783,29
783,32
784,15
784,16
784,20
784,21
784,28
785,8
785,14
785,15
785,21
785,29
785,32
786,15
786,21
786,22
786,29
786,30
787,14
787,15
787,21
787,29
788,2
788,7
788,14
788,15
788,21
788,27
788,32
789,14
789,15
789,21
789,27
789,28
789,29
789,32
790,15
790,21
790,22
790,29
791,15
791,17
791,19
791,27
792,2
792,15
792,18
793,1
793,14
793,15
793,27
793,28
793,29
793,31
793,32
794,1
794,8
794,14
794,15
794,27
794,28
794,32
795,14
795,15
795,21
795,22
795,27
795,28
795,29
796,15
796,21
796,29
797,15
798,8
798,15
798,32
799,1
799,8
799,14
799,15
799,16
799,21
799,29
799,31
799,32
800,15
800,29
801,1
801,15
801,16
801,20
801,21
801,26
801,29
802,8
802,10
802,14
802,15
802,16
802,21
802,26
802,29
802,32
803,8
803,10
803,14
803,15
803,16
803,21
803,29
803,32
804,8
804,10
804,14
804,15
804,16
804,21
804,26
804,31
804,32
805,15
805,21
805,29
806,15
806,21
806,29
807,8
807,15
807,32
808,1
808,15
808,31
808,32
809,15
809,21
809,29
810,14
810,15
810,21
810,22
810,29
810,30
810,32
811,15
811,21
812,14
812,15
812,21
812,29
812,31
813,15
813,20
813,21
813,28
813,29
814,15
814,21
814,29
815,15
815,21
815,29
816,14
816,15
816,21
816,22
816,29
816,30
816,32
817,8
817,15
817,31
817,32
818,15
818,29
819,1
819,8
819,15
819,31
819,32
820,1
820,8
820,14
820,15
820,16
820,21
820,24
820,26
820,28
820,32
821,1
821,8
821,14
821,15
821,31
821,32
822,8
822,15
822,21
822,29
822,32
823,8
823,14
823,15
823,21
823,29
823,32
824,1
824,8
824,14
824,15
824,21
824,31
824,32
825,8
825,15
825,21
825,29
825,32
826,1
826,12
826,14
826,15
826,20
826,28
826,31
826,32
827,1
827,14
827,15
827,19
827,20
827,27
827,28
827,31
827,32
828,15
829,8
829,15
829,32
830,15
830,21
830,29
831,15
831,21
831,29
832,8
832,15
832,32
833,8
833,15
833,21
833,29
833,32
834,1
834,14
834,15
834,20
834,21
834,28
834,29
834,31
834,32
835,15
835,20
835,21
836,8
836,15
836,32
837,8
837,15
837,32
838,1
838,8
838,14
838,15
838,21
838,22
838,29
838,30
838,31
839,8
839,15
839,32
840,15
840,29
841,1
841,8
841,10
841,14
841,15
841,16
841,20
841,21
841,26
841,28
841,29
841,31
841,32
842,15
842,21
842,22
842,29
842,30
843,15
843,21
843,29
844,1
844,8
844,14
844,15
844,21
844,29
844,31
844,32
845,1
845,14
845,15
845,21
845,29
845,31
845,32
846,15
846,32
847,8
847,10
847,14
847,15
847,16
847,21
847,26
847,29
847,31
847,32
848,8
848,14
848,15
848,16
848,20
848,21
848,26
848,28
848,29
848,32
849,15
849,20
849,28
849,32
850,15
850,21
850,29
851,15
851,21
851,28
851,29
852,14
852,15
852,21
852,29
853,15
853,20
853,28
853,29
853,32
854,15
855,15
855,27
855,28
856,15
856,20
856,28
856,29
857,15
857,20
857,28
858,15
858,21
858,29
858,32
859,14
859,15
859,20
859,21
859,22
859,28
859,29
859,30
860,15
860,21
860,29
861,15
862,1
862,8
862,14
862,15
862,21
862,28
862,29
862,31
862,32
863,8
863,14
863,15
863,21
863,29
863,32
864,15
864,20
864,21
864,28
864,29
865,15
865,21
865,29
866,15
866,32
867,14
867,15
867,21
867,29
867,32
868,15
868,21
869,15
869,29
869,32
870,14
870,15
870,21
870,29
871,15
872,8
872,14
872,15
872,21
872,29
872,32
873,14
873,15
873,21
873,29
874,15
875,15
875,28
875,32
876,15
877,15
878,10
878,12
878,15
878,20
878,28
878,31
879,15
879,21
879,29
879,30
879,32
880,8
880,15
880,32
881,15
881,21
881,29
882,8
882,15
882,16
882,20
882,21
882,26
882,29
882,32
883,1
883,8
883,14
883,15
883,21
883,29
883,31
883,32
884,1
884,8
884,14
884,15
884,31
884,32
885,14
885,15
885,21
885,29
886,15
886,32
887,14
887,15
887,21
887,29
888,1
888,14
888,15
888,16
888,20
888,21
888,28
888,29
888,31
888,32
889,1
889,14
889,15
889,16
889,20
889,21
889,28
889,29
889,31
889,32
890,15
890,28
890,32
891,14
891,15
891,21
891,22
891,29
891,30
891,32
892,15
892,32
893,1
893,15
893,21
893,29
893,31
893,32
894,1
894,15
894,16
894,21
894,28
894,29
894,31
894,32
895,15
895,20
895,21
895,28
895,29
895,32
896,15
896,27
897,15
898,15
899,1
899,8
899,14
899,15
899,16
899,31
899,32
900,1
900,8
900,14
900,15
900,21
900,29
900,31
900,32
901,1
901,8
901,14
901,15
901,16
901,20
901,21
901,26
901,29
901,31
901,32
902,1
902,14
902,15
902,21
902,29
902,31
903,15
904,15
904,16
904,21
904,32
905,15
905,21
905,29
906,1
906,8
906,14
906,15
906,31
906,32
907,15
907,21
907,29
908,15
908,21
908,22
908,29
908,30
909,1
909,15
909,20
909,28
909,29
909,32
910,15
910,20
910,26
910,28
910,29
911,15
911,21
911,29
912,15
912,21
912,24
912,29
913,15
913,20
913,28
913,32
914,1
914,2
914,15
914,18
914,31
914,32
915,2
915,4
915,15
915,18
916,15
916,17
916,19
916,25
916,28
916,31
916,32
917,14
917,15
917,21
917,22
917,29
917,30
918,7
918,15
918,17
918,19
918,20
918,27
918,28
919,15
919,19
919,32
920,12
920,15
920,20
920,25
920,28
920,32
921,8
921,15
921,28
921,29
921,32
922,8
922,14
922,15
922,21
922,29
922,32
923,8
923,15
923,32
924,15
925,15
926,15
926,21
926,29
927,8
927,14
927,15
927,21
927,31
927,32
928,15
928,21
928,28
928,29
929,1
929,8
929,14
929,15
929,21
929,29
929,31
929,32
930,8
930,14
930,15
930,21
930,32
931,8
931,14
931,15
931,21
931,32
932,8
932,14
932,15
932,21
932,32
933,15
933,28
934,15
934,28
934,29
934,32
935,8
935,15
935,21
935,28
935,32
936,15
936,21
936,29
936,32
937,14
937,15
937,21
937,22
937,29
937,30
937,32
938,14
938,15
938,21
938,29
938,31
938,32
939,8
939,15
939,32
940,15
940,28
940,32
941,8
941,15
941,32
942,2
942,14
942,15
942,21
942,28
942,29
942,31
942,32
943,15
944,15
944,22
945,8
945,14
945,15
945,16
945,21
945,29
945,30
945,32
946,14
946,15
946,21
946,28
946,29
947,14
947,15
947,21
947,29
948,15
949,15
949,20
949,28
950,14
950,15
950,21
950,29
950,32
951,8
951,14
951,15
951,21
951,29
951,32
952,15
953,1
953,8
953,10
953,14
953,15
953,16
953,21
953,31
953,32
954,8
954,15
955,1
955,14
955,15
955,20
955,21
955,28
955,29
955,31
956,14
956,15
956,20
957,1
957,14
957,15
957,24
957,29
957,31
958,15
959,14
959,15
959,21
959,29
960,15
960,20
960,28
960,29
961,15
961,20
961,28
962,15
962,32
963,8
963,15
963,21
963,29
963,32
964,15
965,14
965,15
965,21
965,22
965,29
965,30
965,31
966,15
967,15
968,15
969,8
969,15
969,32
970,8
970,15
970,32
971,8
971,15
971,32
972,15
972,20
972,28
973,15
973,21
973,29
974,15
974,21
974,29
975,8
975,14
975,15
975,21
975,29
975,32
976,8
976,15
976,21
976,29
976,32
977,15
977,20
977,21
977,26
977,28
977,29
978,15
978,21
978,29
979,15
979,21
979,22
979,29
979,30
980,8
980,15
980,21
980,29
980,32
981,14
981,15
981,21
981,29
981,31
982,8
982,14
982,15
982,21
982,29
982,32
983,14
983,15
983,21
983,29
984,15
984,20
984,21
984,28
984,29
985,15
985,21
985,29
986,1
986,8
986,14
986,15
986,25
986,31
986,32
987,15
987,21
987,28
987,29
988,4
988,6
988,11
988,15
988,18
989,15
989,20
989,28
990,8
990,14
990,15
990,21
990,29
990,32
991,1
991,14
991,15
991,21
991,22
991,29
991,30
991,31
992,3
992,15
992,18
993,8
993,14
993,15
993,21
993,32
994,1
994,15
994,20
994,28
994,31
994,32
995,15
995,20
995,21
995,29
996,14
996,15
996,20
996,21
996,29
997,15
997,21
997,29
998,15
998,21
998,22
998,29
998,30
999,8
999,14
999,15
999,21
999,29
999,32